Player Names,ESPN Price,ESPN Avg Price,Yahoo Price,Yahoo Avg Price,NFLprice,NFL Avg Price,Average Price,Proj Price,Inflated Price
Christian McCaffrey,$63,$70,$64,$76,$70,$63,$69,$81,$81
Saquon Barkley,$60,$61,$62,$71,$67,$56,$63,$72,$72
Ezekiel Elliott,$60,$58,$55,$64,$52,$45,$56,$67,$67
Michael Thomas,$51,$57,$54,$56,$49,$45,$53,$43,$43
Dalvin Cook,$59,$51,$54,$58,$50,$37,$49,$57,$57
Alvin Kamara,$56,$55,$55,$60,$53,$44,$53,$51,$51
Davante Adams,$40,$47,$52,$49,$49,$33,$43,$39,$39
Derrick Henry,$50,$48,$55,$58,$44,$35,$47,$58,$58
Julio Jones,$37,$46,$48,$44,$40,$30,$40,$34,$34
Miles Sanders,$48,$36,$46,$42,$39,$27,$35,$45,$45
Clyde Edwards-Helaire,$49,$25,$53,$52,$45,$25,$34,$46,$46
Aaron Jones,$43,$41,$36,$40,$30,$29,$37,$45,$45
Joe Mixon,$43,$33,$52,$51,$39,$28,$37,$46,$46
Josh Jacobs,$45,$36,$40,$44,$33,$25,$35,$48,$48
Tyreek Hill,$36,$46,$50,$47,$39,$32,$42,$36,$36
Austin Ekeler,$44,$34,$38,$39,$39,$30,$34,$39,$39
Kenyan Drake,$46,$36,$46,$44,$40,$28,$36,$39,$39
DeAndre Hopkins,$36,$49,$43,$41,$36,$26,$39,$28,$28
Nick Chubb,$45,$37,$48,$47,$33,$28,$37,$45,$45
Lamar Jackson,$23,$35,$30,$35,$29,$30,$33,$46,$46
Kenny Golladay,$32,$29,$36,$27,$31,$20,$25,$28,$28
Travis Kelce,$35,$37,$43,$40,$36,$29,$35,$37,$37
Chris Godwin,$35,$39,$36,$32,$33,$27,$33,$25,$25
Leonard Fournette,$4,$23,$4,$14,$21,$12,$16,$24,$24
Le'Veon Bell,$15,$20,$22,$15,$21,$10,$15,$25,$25
Todd Gurley II,$18,$23,$29,$22,$21,$12,$19,$35,$35
Mike Evans,$33,$37,$36,$26,$31,$21,$28,$25,$25
Patrick Mahomes,$22,$38,$36,$38,$28,$31,$36,$41,$41
Chris Carson,$21,$24,$35,$26,$28,$10,$20,$35,$35
DJ Moore,$31,$27,$33,$20,$31,$19,$22,$21,$21
Odell Beckham Jr.,$26,$20,$36,$26,$0,$0,$15,$22,$22
Amari Cooper,$29,$26,$27,$17,$28,$20,$21,$21,$21
Adam Thielen,$30,$28,$36,$25,$29,$19,$24,$21,$21
Robert Woods,$22,$15,$22,$9,$25,$7,$10,$19,$19
George Kittle,$32,$32,$43,$37,$36,$27,$32,$30,$30
Cooper Kupp,$21,$16,$25,$13,$27,$13,$14,$18,$18
JuJu Smith-Schuster,$28,$26,$30,$20,$29,$16,$21,$20,$20
Allen Robinson II,$30,$26,$36,$25,$31,$20,$24,$18,$18
A.J. Brown,$24,$17,$33,$18,$29,$13,$16,$22,$22
David Johnson,$20,$20,$22,$14,$21,$7,$14,$29,$29
Courtland Sutton,$26,$20,$22,$9,$23,$11,$13,$20,$20
James Conner,$17,$12,$36,$27,$22,$12,$17,$31,$31
Calvin Ridley,$25,$16,$24,$12,$25,$13,$14,$18,$18
DeVante Parker,$8,$8,$18,$7,$22,$8,$8,$18,$18
Melvin Gordon,$17,$18,$35,$23,$22,$12,$18,$26,$26
Keenan Allen,$12,$13,$18,$8,$22,$9,$10,$14,$14
Tyler Lockett,$22,$14,$23,$10,$24,$9,$11,$18,$18
Terry McLaurin,$13,$10,$23,$11,$23,$9,$10,$15,$15
DJ Chark Jr.,$10,$9,$21,$10,$24,$14,$11,$14,$14
T.Y. Hilton,$11,$11,$18,$7,$22,$6,$8,$15,$15
Stefon Diggs,$7,$9,$14,$6,$21,$6,$7,$14,$14
Devin Singletary,$9,$10,$14,$9,$18,$7,$9,$20,$20
DK Metcalf,$10,$11,$22,$10,$23,$10,$10,$16,$16
A.J. Green,$8,$7,$12,$4,$17,$4,$5,$11,$11
Dak Prescott,$5,$8,$18,$12,$23,$14,$11,$26,$26
Jarvis Landry,$11,$9,$10,$3,$18,$4,$5,$9,$9
Zach Ertz,$19,$16,$22,$13,$26,$16,$15,$19,$19
Russell Wilson,$5,$9,$18,$11,$20,$11,$10,$25,$25
David Montgomery,$9,$7,$10,$9,$11,$5,$7,$12,$12
Tyler Boyd,$8,$6,$13,$4,$18,$4,$5,$8,$8
Michael Gallup,$7,$6,$14,$5,$21,$4,$5,$10,$10
Julian Edelman,$5,$4,$10,$3,$16,$2,$3,$6,$6
Deshaun Watson,$6,$11,$16,$8,$19,$11,$10,$22,$22
D'Andre Swift,$10,$9,$23,$8,$18,$4,$7,$11,$11
Raheem Mostert,$9,$5,$23,$13,$9,$3,$7,$20,$20
Mark Ingram II,$6,$7,$24,$15,$19,$6,$9,$19,$19
Marquise Brown,$7,$5,$13,$5,$21,$4,$4,$10,$10
Mark Andrews,$19,$13,$23,$19,$27,$17,$16,$20,$20
Brandin Cooks,$4,$3,$7,$2,$16,$2,$2,$6,$6
Jonathan Taylor,$15,$11,$28,$21,$24,$15,$16,$18,$18
Kareem Hunt,$13,$7,$16,$7,$17,$3,$6,$11,$11
Marvin Jones Jr.,$4,$4,$8,$2,$16,$1,$2,$6,$6
Will Fuller V,$7,$3,$10,$3,$20,$2,$3,$6,$6
Darren Waller,$6,$10,$9,$8,$18,$9,$9,$15,$15
Kyler Murray,$5,$9,$18,$10,$20,$11,$10,$17,$17
Christian Kirk,$3,$2,$3,$1,$10,$1,$1,$5,$5
Ronald Jones II,$4,$4,$12,$5,$11,$3,$4,$5,$5
Cam Akers,$14,$5,$16,$10,$19,$5,$7,$14,$14
John Brown,$2,$1,$7,$1,$6,$2,$1,$4,$4
Josh Allen,$2,$3,$12,$4,$15,$4,$4,$14,$14
Sterling Shepard,$4,$2,$7,$1,$6,$1,$1,$4,$4
Emmanuel Sanders,$2,$2,$7,$2,$4,$1,$1,$4,$4
Diontae Johnson,$4,$2,$9,$2,$14,$2,$2,$4,$4
Darius Slayton,$2,$1,$8,$1,$13,$2,$1,$5,$5
Golden Tate,$2,$1,$1,$1,$4,$1,$1,$3,$3
Deebo Samuel,$6,$4,$2,$4,$6,$3,$4,$5,$5
Jamison Crowder,$3,$2,$7,$1,$11,$2,$2,$3,$3
Anthony Miller,$1,$0,$7,$1,$8,$2,$1,$3,$3
Drew Brees,$2,$4,$12,$4,$6,$3,$3,$10,$10
Jerry Jeudy,$2,$2,$1,$2,$5,$2,$2,$2,$2
Evan Engram,$4,$4,$7,$3,$14,$3,$3,$8,$8
Mike Williams,$2,$1,$6,$1,$4,$2,$1,$3,$3
Tom Brady,$2,$4,$8,$3,$6,$2,$3,$8,$8
Justin Jefferson,$1,$1,$1,$1,$4,$1,$1,$2,$2
Tarik Cohen,$6,$4,$7,$2,$8,$1,$2,$6,$6
Matt Ryan,$2,$3,$12,$3,$9,$3,$3,$7,$7
Jordan Howard,$3,$2,$12,$3,$11,$1,$2,$9,$9
Carson Wentz,$2,$2,$8,$2,$11,$3,$3,$7,$7
Breshad Perriman,$2,$1,$1,$1,$2,$1,$1,$3,$3
Jared Cook,$2,$2,$13,$3,$4,$2,$2,$9,$9
Aaron Rodgers,$1,$2,$7,$2,$6,$3,$3,$7,$7
James White,$3,$2,$9,$2,$8,$1,$2,$6,$6
CeeDee Lamb,$2,$2,$2,$2,$15,$2,$2,$3,$3
Robby Anderson,$2,$1,$1,$1,$1,$1,$1,$2,$2
Hunter Henry,$2,$2,$14,$4,$8,$3,$3,$6,$6
Curtis Samuel,$1,$1,$1,$2,$1,$1,$1,$2,$2
Tyler Higbee,$4,$3,$16,$4,$14,$3,$3,$6,$6
Rob Gronkowski,$2,$5,$6,$4,$5,$4,$4,$8,$8
Hayden Hurst,$2,$1,$7,$3,$5,$2,$2,$5,$5
Preston Williams,$3,$1,$1,$1,$6,$1,$1,$2,$2
Allen Lazard,$0,$0,$1,$1,$2,$1,$1,$2,$2
Jalen Reagor,$0,$1,$1,$2,$8,$2,$2,$0,$0
Sammy Watkins,$0,$0,$1,$1,$2,$1,$1,$1,$1
Phillip Lindsay,$4,$2,$7,$2,$6,$1,$2,$7,$7
Austin Hooper,$1,$1,$4,$2,$7,$1,$1,$4,$4
Henry Ruggs III,$2,$2,$1,$2,$4,$2,$2,$2,$2
J.K. Dobbins,$3,$3,$8,$6,$5,$3,$4,$7,$7
Matt Breida,$3,$1,$12,$2,$6,$1,$1,$6,$6
DeSean Jackson,$2,$1,$1,$1,$1,$1,$1,$2,$2
Cole Beasley,$0,$0,$1,$0,$0,$1,$0,$0,$0
Noah Fant,$2,$1,$3,$2,$6,$1,$1,$4,$4
Michael Pittman Jr.,$0,$0,$1,$1,$0,$0,$1,$0,$0
Marlon Mack,$1,$1,$7,$2,$6,$2,$2,$7,$7
Tevin Coleman,$2,$1,$6,$2,$6,$1,$1,$6,$6
Cam Newton,$1,$1,$3,$2,$3,$2,$2,$5,$5
Mike Gesicki,$1,$1,$6,$1,$5,$1,$1,$3,$3
Latavius Murray,$1,$1,$5,$2,$2,$1,$1,$6,$6
Hunter Renfrow,$0,$1,$1,$1,$1,$1,$1,$1,$1
Kerryon Johnson,$6,$3,$6,$2,$3,$1,$2,$4,$4
Dede Westbrook,$0,$0,$1,$0,$0,$1,$0,$0,$0
Mecole Hardman,$1,$1,$1,$2,$5,$1,$1,$0,$0
Corey Davis,$0,$0,$0,$0,$0,$0,$0,$0,$0
Alshon Jeffery,$0,$0,$1,$1,$1,$1,$1,$0,$0
Matthew Stafford,$1,$2,$9,$2,$5,$1,$2,$3,$3
T.J. Hockenson,$2,$1,$2,$1,$2,$1,$1,$2,$2
N'Keal Harry,$1,$1,$1,$1,$4,$1,$1,$0,$0
Blake Jarwin,$0,$0,$4,$1,$1,$1,$1,$3,$3
Antonio Gibson,$10,$0,$6,$3,$4,$1,$2,$10,$10
Parris Campbell,$0,$0,$1,$0,$1,$1,$0,$0,$0
Ryan Tannehill,$0,$1,$5,$2,$3,$2,$1,$3,$3
Larry Fitzgerald,$0,$0,$1,$1,$1,$1,$1,$0,$0
Brandon Aiyuk,$0,$0,$1,$1,$4,$1,$1,$0,$0
Duke Johnson,$2,$0,$5,$1,$2,$1,$1,$3,$3
Jared Goff,$0,$1,$6,$1,$1,$1,$1,$3,$3
Tyrell Williams,$0,$0,$1,$0,$0,$2,$1,$0,$0
Sony Michel,$1,$1,$8,$3,$4,$1,$2,$6,$6
Randall Cobb,$0,$0,$0,$0,$1,$1,$0,$0,$0
Danny Amendola,$0,$0,$0,$0,$0,$2,$1,$0,$0
Denzel Mims,$0,$0,$1,$0,$0,$1,$0,$0,$0
Jonnu Smith,$0,$0,$4,$1,$4,$1,$1,$3,$3
Dallas Goedert,$0,$0,$1,$1,$1,$1,$1,$2,$2
Jack Doyle,$0,$0,$1,$1,$1,$1,$1,$2,$2
Daniel Jones,$1,$1,$5,$1,$5,$2,$1,$2,$2
Devonta Freeman,$0,$0,$1,$1,$0,$1,$1,$5,$5
Baker Mayfield,$0,$1,$6,$1,$3,$1,$1,$2,$2
Eric Ebron,$0,$0,$1,$1,$1,$1,$1,$2,$2
Ian Thomas,$0,$0,$1,$1,$1,$1,$1,$1,$1
Josh Reynolds,$0,$0,$0,$0,$0,$1,$0,$0,$0
Chris Herndon,$1,$0,$1,$1,$2,$1,$1,$2,$2
Adrian Peterson,$0,$0,$4,$1,$4,$1,$1,$0,$0
Ke'Shawn Vaughn,$0,$4,$2,$2,$1,$1,$2,$0,$0
James Washington,$0,$0,$1,$0,$1,$1,$0,$0,$0
Chris Conley,$0,$0,$0,$0,$0,$1,$0,$0,$0
Mohamed Sanu Sr.,$0,$0,$1,$0,$0,$1,$0,$0,$0
Boston Scott,$0,$1,$1,$1,$1,$1,$1,$2,$2
Kenny Stills,$0,$0,$3,$0,$0,$0,$0,$0,$0
Nyheim Hines,$1,$1,$1,$0,$1,$0,$0,$0,$0
Greg Olsen,$0,$0,$1,$1,$0,$1,$1,$0,$0
Ben Roethlisberger,$0,$1,$7,$1,$3,$3,$2,$1,$1
Russell Gage,$0,$0,$0,$0,$0,$0,$0,$0,$0
Gardner Minshew II,$0,$0,$1,$1,$2,$1,$1,$1,$1
Zack Moss,$3,$1,$5,$4,$6,$1,$2,$3,$3
Adam Humphries,$0,$0,$0,$0,$0,$1,$0,$0,$0
Justin Jackson,$0,$0,$1,$1,$1,$1,$1,$0,$0
Darrell Henderson Jr.,$3,$3,$7,$1,$4,$1,$2,$0,$0
Jamaal Williams,$0,$0,$1,$0,$0,$1,$0,$0,$0
John Ross III,$0,$0,$1,$0,$1,$1,$0,$0,$0
Alexander Mattison,$2,$1,$6,$2,$2,$1,$2,$2,$2
Kyle Rudolph,$0,$0,$1,$1,$0,$2,$1,$0,$0
Tee Higgins,$0,$0,$1,$0,$0,$1,$0,$0,$0
Kendrick Bourne,$0,$0,$0,$0,$0,$0,$0,$0,$0
Antonio Brown,$0,$0,$1,$2,$0,$0,$1,$0,$0
Dawson Knox,$0,$0,$1,$0,$0,$1,$0,$0,$0
Tony Pollard,$1,$0,$3,$2,$2,$1,$1,$1,$1
Jace Sternberger,$0,$0,$1,$0,$0,$1,$0,$0,$0
Tre'Quan Smith,$0,$0,$0,$0,$0,$0,$0,$0,$0
Chase Edmonds,$1,$0,$1,$2,$2,$1,$1,$0,$0
Kirk Cousins,$0,$0,$3,$1,$2,$1,$1,$0,$0
Irv Smith Jr.,$0,$0,$1,$1,$1,$2,$1,$0,$0
Jimmy Garoppolo,$0,$1,$1,$2,$2,$1,$1,$0,$0
Damien Harris,$1,$0,$1,$2,$4,$1,$1,$1,$1
Joe Burrow,$0,$2,$2,$2,$3,$2,$2,$0,$0
Chris Thompson,$1,$0,$0,$0,$1,$2,$1,$0,$0
Tyler Eifert,$0,$0,$0,$0,$0,$1,$0,$0,$0
Miles Boykin,$0,$0,$1,$0,$0,$1,$0,$0,$0
Chase Claypool,$0,$0,$0,$0,$0,$0,$0,$0,$0
AJ Dillon,$0,$0,$1,$1,$1,$1,$1,$0,$0
Willie Snead IV,$0,$0,$0,$0,$0,$0,$0,$0,$0
Darrynton Evans,$0,$0,$1,$0,$1,$1,$0,$0,$0
Bryan Edwards,$0,$0,$0,$1,$0,$0,$0,$0,$0
Laviska Shenault Jr.,$0,$0,$1,$0,$0,$0,$0,$0,$0
KJ Hamler,$0,$0,$0,$0,$0,$0,$0,$0,$0
Jalen Richard,$0,$0,$0,$0,$1,$1,$0,$0,$0
Van Jefferson,$0,$0,$0,$0,$0,$0,$0,$0,$0
Olabisi Johnson,$0,$0,$0,$0,$0,$0,$0,$0,$0
Lamar Miller,$0,$0,$0,$0,$0,$0,$0,$0,$0
Bryce Love,$0,$0,$0,$0,$2,$0,$0,$0,$0
Phillip Dorsett II,$0,$0,$0,$0,$0,$0,$0,$0,$0
Giovani Bernard,$0,$0,$1,$0,$0,$1,$0,$0,$0
Ryquell Armstead,$0,$0,$0,$2,$1,$2,$1,$1,$1
C.J. Uzomah,$0,$0,$0,$0,$0,$0,$0,$0,$0
Ito Smith,$0,$0,$0,$0,$0,$0,$0,$0,$0
Jerick McKinnon,$0,$0,$0,$0,$2,$1,$0,$0,$0
Joshua Kelley,$0,$0,$0,$0,$2,$0,$0,$0,$0
O.J. Howard,$0,$0,$1,$1,$0,$1,$1,$0,$0
Darren Fells,$0,$0,$0,$0,$0,$1,$0,$0,$0
Gerald Everett,$0,$0,$0,$0,$0,$0,$0,$0,$0
49ers D/ST,$1,$5,$0,$0,$0,$0,$2,$0,$0
Steelers D/ST,$1,$4,$0,$0,$0,$0,$1,$0,$0
Ravens D/ST,$1,$2,$0,$0,$0,$0,$1,$0,$0
Carlos Hyde,$0,$0,$1,$1,$1,$1,$1,$0,$0
Bills D/ST,$1,$3,$0,$0,$0,$0,$1,$0,$0
Patriots D/ST,$1,$2,$0,$0,$0,$0,$1,$0,$0
Harrison Butker,$1,$4,$1,$3,$4,$4,$4,$0,$0
Bears D/ST,$1,$1,$0,$0,$0,$0,$0,$0,$0
Justin Tucker,$1,$3,$1,$3,$5,$5,$4,$0,$0
Saints D/ST,$1,$1,$0,$0,$0,$0,$0,$0,$0
Malcolm Brown,$0,$0,$1,$0,$0,$1,$0,$0,$0
Benny Snell Jr.,$0,$0,$1,$2,$0,$1,$1,$0,$0
Anthony McFarland Jr.,$0,$0,$1,$0,$0,$0,$0,$0,$0
Wil Lutz,$1,$2,$1,$2,$3,$3,$2,$0,$0
Chiefs D/ST,$0,$0,$0,$0,$0,$0,$0,$0,$0
Rashaad Penny,$0,$0,$0,$0,$0,$1,$0,$0,$0
Philip Rivers,$0,$0,$1,$1,$2,$1,$1,$0,$0
Greg Zuerlein,$1,$2,$1,$2,$1,$1,$2,$0,$0
DeAndre Washington,$0,$0,$1,$0,$1,$1,$0,$0,$0
Derrius Guice,$0,$0,$0,$0,$0,$0,$0,$0,$0
Vikings D/ST,$1,$1,$0,$0,$0,$0,$0,$0,$0
Drew Lock,$0,$1,$1,$2,$1,$1,$1,$0,$0
Rams D/ST,$0,$0,$0,$0,$0,$0,$0,$0,$0
Teddy Bridgewater,$0,$0,$1,$1,$2,$3,$1,$0,$0
Gus Edwards,$0,$0,$1,$0,$0,$0,$0,$0,$0
Robbie Gould,$1,$1,$1,$1,$1,$2,$1,$0,$0
Chargers D/ST,$0,$0,$0,$0,$0,$0,$0,$0,$0
Broncos D/ST,$1,$1,$0,$0,$0,$0,$0,$0,$0
Eagles D/ST,$0,$0,$0,$0,$0,$0,$0,$0,$0
Matt Gay,$0,$0,$0,$1,$1,$1,$1,$0,$0
Rex Burkhead,$0,$0,$0,$0,$0,$1,$0,$0,$0
Matt Prater,$1,$1,$0,$1,$1,$1,$1,$0,$0
Justice Hill,$0,$0,$1,$0,$0,$1,$0,$0,$0
Sam Darnold,$0,$0,$1,$0,$1,$1,$0,$0,$0
Derek Carr,$0,$0,$1,$1,$0,$1,$1,$0,$0
Titans D/ST,$0,$0,$0,$0,$0,$0,$0,$0,$0
Steven Sims Jr.,$0,$0,$1,$0,$0,$1,$0,$0,$0
Jake Elliott,$1,$0,$0,$1,$1,$1,$1,$0,$0
Zane Gonzalez,$1,$1,$0,$1,$1,$1,$1,$0,$0
Colts D/ST,$1,$1,$0,$0,$0,$0,$0,$0,$0
Royce Freeman,$0,$0,$1,$0,$0,$1,$0,$0,$0
Ka'imi Fairbairn,$0,$0,$0,$1,$0,$1,$1,$0,$0
Seahawks D/ST,$0,$0,$0,$0,$0,$0,$0,$0,$0
Frank Gore,$0,$0,$0,$0,$0,$1,$0,$0,$0
Packers D/ST,$0,$0,$0,$0,$0,$0,$0,$0,$0
Michael Badgley,$0,$0,$0,$1,$0,$0,$0,$0,$0
Buccaneers D/ST,$0,$1,$0,$0,$0,$0,$0,$0,$0
Younghoe Koo,$0,$0,$0,$0,$1,$1,$0,$0,$0
Brian Hill,$0,$0,$1,$0,$0,$0,$0,$0,$0
Will Dissly,$0,$0,$1,$0,$0,$1,$0,$0,$0
Mason Crosby,$0,$0,$0,$0,$0,$1,$0,$0,$0
Dan Bailey,$0,$0,$0,$1,$1,$1,$1,$0,$0
Lynn Bowden Jr.,$0,$0,$0,$0,$0,$1,$0,$0,$0
Cowboys D/ST,$0,$0,$0,$0,$0,$0,$0,$0,$0
Jaylen Samuels,$0,$0,$1,$0,$0,$4,$1,$0,$0
Dion Lewis,$0,$0,$0,$0,$0,$1,$0,$0,$0
Ryan Succop,$0,$0,$0,$0,$0,$0,$0,$0,$0
Browns D/ST,$0,$0,$0,$0,$0,$0,$0,$0,$0
Mike Boone,$0,$0,$0,$0,$0,$0,$0,$0,$0
Jets D/ST,$0,$0,$0,$0,$0,$0,$0,$0,$0
Jason Myers,$0,$0,$0,$0,$1,$1,$0,$0,$0
Brandon McManus,$0,$0,$0,$0,$0,$1,$0,$0,$0
Stephen Gostkowski,$0,$0,$0,$0,$0,$1,$0,$0,$0
Dare Ogunbowale,$0,$0,$0,$0,$0,$0,$0,$0,$0
Chris Boswell,$1,$1,$0,$0,$0,$2,$1,$0,$0
Andy Isabella,$0,$0,$0,$0,$0,$0,$0,$0,$0
Jimmy Graham,$0,$0,$0,$0,$0,$1,$0,$0,$0
Tyrod Taylor,$0,$0,$1,$0,$0,$2,$1,$0,$0
David Njoku,$0,$0,$0,$0,$0,$1,$0,$0,$0
Joey Slye,$0,$0,$0,$0,$0,$1,$0,$0,$0
Dwayne Haskins Jr.,$0,$0,$0,$0,$0,$1,$0,$0,$0
Texans D/ST,$0,$0,$0,$0,$0,$0,$0,$0,$0
La'Mical Perine,$0,$0,$0,$0,$0,$0,$0,$0,$0
Dan Arnold,$0,$0,$0,$0,$0,$1,$0,$0,$0
Josh Lambo,$0,$0,$0,$0,$0,$1,$0,$0,$0
Stephen Hauschka,$0,$0,$0,$0,$0,$1,$0,$0,$0
Austin Seibert,$1,$0,$0,$0,$0,$1,$0,$0,$0
J.J. Arcega-Whiteside,$0,$0,$0,$0,$0,$0,$0,$0,$0
Ryan Fitzpatrick,$0,$0,$1,$0,$0,$1,$0,$0,$0
DeeJay Dallas,$0,$0,$0,$0,$0,$0,$0,$0,$0
Washington D/ST,$0,$0,$0,$0,$0,$0,$0,$0,$0
Reggie Bonnafon,$0,$0,$0,$0,$0,$0,$0,$0,$0
Patrick Laird,$0,$0,$0,$0,$0,$1,$0,$0,$0
Jaguars D/ST,$0,$0,$0,$0,$0,$0,$0,$0,$0
Demarcus Robinson,$0,$0,$0,$0,$0,$0,$0,$0,$0
Antonio Gandy-Golden,$0,$0,$0,$0,$0,$0,$0,$0,$0
Justin Rohrwasser,$0,$0,$0,$0,$0,$1,$0,$0,$0
Vance McDonald,$0,$0,$0,$0,$0,$2,$1,$0,$0
Jordan Wilkins,$0,$0,$0,$0,$0,$0,$0,$0,$0
Chase McLaughlin,$0,$0,$0,$0,$0,$1,$0,$0,$0
Nick Foles,$0,$0,$0,$0,$0,$1,$0,$0,$0
Sam Sloman,$0,$0,$0,$0,$0,$0,$0,$0,$0
Trey Burton,$0,$0,$0,$0,$0,$0,$0,$0,$0
Logan Thomas,$0,$0,$0,$0,$0,$0,$0,$0,$0
Eno Benjamin,$0,$0,$0,$0,$0,$0,$0,$0,$0
Brett Maher,$0,$0,$0,$0,$0,$0,$0,$0,$0
Greg Joseph,$0,$0,$0,$0,$0,$0,$0,$0,$0
Daniel Carlson,$0,$0,$0,$0,$0,$1,$0,$0,$0
Falcons D/ST,$0,$0,$0,$0,$0,$0,$0,$0,$0
Jordan Akins,$0,$0,$0,$0,$0,$0,$0,$0,$0
Aldrick Rosas,$0,$0,$0,$0,$0,$2,$1,$0,$0
James Robinson,$0,$0,$0,$0,$0,$0,$0,$0,$0
Panthers D/ST,$0,$0,$0,$0,$0,$0,$0,$0,$0
Lions D/ST,$0,$0,$0,$0,$0,$0,$0,$0,$0
Devin Duvernay,$0,$0,$0,$0,$0,$0,$0,$0,$0
Cameron Brate,$0,$0,$0,$0,$0,$9,$3,$0,$0
Graham Gano,$0,$0,$0,$0,$0,$0,$0,$0,$0
Tua Tagovailoa,$0,$1,$0,$0,$0,$3,$1,$0,$0
Jason Sanders,$0,$0,$0,$0,$0,$1,$0,$0,$0
Cardinals D/ST,$0,$0,$0,$0,$0,$0,$0,$0,$0
Dustin Hopkins,$0,$0,$0,$0,$0,$0,$0,$0,$0
Dolphins D/ST,$0,$0,$0,$0,$0,$0,$0,$0,$0
Kai Forbath,$0,$0,$0,$0,$0,$1,$0,$0,$0
Jakobi Meyers,$0,$0,$0,$0,$0,$0,$0,$0,$0
Nick Boyle,$0,$0,$0,$0,$0,$2,$1,$0,$0
Adam Vinatieri,$0,$0,$0,$0,$0,$0,$0,$0,$0
Devin Asiasi,$0,$0,$0,$0,$0,$0,$0,$0,$0
Andy Dalton,$0,$0,$0,$0,$0,$0,$0,$0,$0
Randy Bullock,$0,$0,$0,$0,$0,$1,$0,$0,$0
Rodrigo Blankenship,$0,$0,$0,$0,$0,$0,$0,$0,$0
Qadree Ollison,$0,$0,$0,$0,$0,$0,$0,$0,$0
Raiders D/ST,$0,$0,$0,$0,$0,$0,$0,$0,$0
Travis Homer,$0,$0,$0,$0,$0,$0,$0,$0,$0
Kyle Allen,$0,$0,$0,$0,$0,$0,$0,$0,$0
Jeff Wilson Jr.,$0,$0,$0,$0,$0,$0,$0,$0,$0
Corey Clement,$0,$0,$0,$0,$0,$0,$0,$0,$0
Mitchell Trubisky,$0,$0,$0,$0,$0,$1,$0,$0,$0
Eddy Pineiro,$0,$0,$0,$0,$0,$2,$1,$0,$0
Trent Taylor,$0,$0,$0,$0,$0,$0,$0,$0,$0
Giants D/ST,$0,$0,$0,$0,$0,$0,$0,$0,$0
Justin Herbert,$0,$0,$0,$0,$0,$0,$0,$0,$0
Marcus Mariota,$0,$0,$0,$0,$0,$0,$0,$0,$0
Ted Ginn Jr.,$0,$0,$0,$0,$0,$1,$0,$0,$0
Bengals D/ST,$0,$0,$0,$0,$0,$0,$0,$0,$0
Ty Montgomery,$0,$0,$0,$0,$0,$0,$0,$0,$0
Sam Ficken,$0,$0,$0,$0,$0,$0,$0,$0,$0
Robert Foster,$0,$0,$0,$0,$0,$0,$0,$0,$0
Jason Witten,$0,$0,$0,$0,$0,$1,$0,$0,$0
Cole Kmet,$0,$0,$0,$0,$0,$0,$0,$0,$0
Jarrett Stidham,$0,$0,$0,$0,$0,$1,$0,$0,$0
Delanie Walker,$0,$0,$0,$0,$0,$0,$0,$0,$0
Jameis Winston,$0,$0,$0,$0,$0,$0,$0,$0,$0
Chandler Catanzaro,$0,$0,$0,$0,$0,$0,$0,$0,$0
Paul Richardson Jr.,$0,$0,$0,$0,$0,$0,$0,$0,$0
Trayveon Williams,$0,$0,$0,$0,$0,$0,$0,$0,$0
Jalen Hurts,$0,$0,$0,$0,$0,$0,$0,$0,$0
Taysom Hill,$0,$0,$0,$0,$0,$0,$0,$0,$0
Dontrell Hilliard,$0,$0,$0,$0,$0,$0,$0,$0,$0
Jason Huntley,$0,$0,$0,$0,$0,$0,$0,$0,$0
Tyler Johnson,$0,$0,$0,$0,$0,$0,$0,$0,$0
Anthony Firkser,$0,$0,$0,$0,$0,$0,$0,$0,$0
Jeremy Sprinkle,$0,$0,$0,$0,$0,$0,$0,$0,$0
Adam Trautman,$0,$0,$0,$0,$0,$0,$0,$0,$0
Hakeem Butler,$0,$0,$0,$0,$0,$0,$0,$0,$0
Thaddeus Moss,$0,$0,$0,$0,$0,$0,$0,$0,$0
Devontae Booker,$0,$0,$0,$0,$0,$0,$0,$0,$0
Jordan Love,$0,$0,$0,$0,$0,$0,$0,$0,$0
Marcus Johnson,$0,$0,$0,$0,$0,$0,$0,$0,$0
P.J. Walker,$0,$0,$0,$0,$0,$0,$0,$0,$0
Jacob Eason,$0,$0,$0,$0,$0,$0,$0,$0,$0
Jake Fromm,$0,$0,$0,$0,$0,$0,$0,$0,$0
Josh Oliver,$0,$0,$0,$0,$0,$0,$0,$0,$0
Jalen Hurd,$0,$0,$1,$0,$0,$0,$0,$0,$0
Damien Williams,$0,$0,$0,$0,$1,$2,$1,$0,$0
Albert Wilson,$0,$0,$0,$0,$0,$0,$0,$0,$0
Devin Funchess,$0,$0,$1,$0,$0,$1,$0,$0,$0
Jauan Jennings,$0,$0,$0,$0,$0,$0,$0,$0,$0
Lirim Hajrullahu,$0,$0,$0,$0,$0,$0,$0,$0,$0
Matt LaCosse,$0,$0,$0,$0,$0,$0,$0,$0,$0
Tyler Bass,$0,$0,$0,$0,$0,$0,$0,$0,$0
